Cytokine,Importance,Std
IL-5,0.207981,0.007883
GM-CSF,0.206405,0.009477
IL-4,0.204102,0.011146
IL-17A,0.203049,0.014469
IL-12p70,0.202168,0.0052
IL-1beta,0.200385,0.008247
IL-23,0.198526,0.014088
IL-9,0.195843,0.019281
IL-2,0.195738,0.005597
IL-13,0.195631,0.012536
IL-22,0.193626,0.015258
IL-10,0.191981,0.019126
IL-21,0.189597,0.013798
IL-27,0.186217,0.009424
IL-6,0.185787,0.015857
TNF-alpha,0.181421,0.019521
IFN-gamma,0.176334,0.007848
IL-18,0.162943,0.005687
