Cytokine,Importance
IL-21,0.099171974
IL-4,0.07087249
IL-22,0.06088601
IL-6,0.06023472
IL-27,0.05998098
IL-9,0.059070405
IL-1beta,0.058789164
IL-17A,0.05698894
IL-5,0.056291014
IL-10,0.054248758
IFN-gamma,0.05394865
IL-18,0.049896087
IL-2,0.04930161
IL-23,0.047834955
GM-CSF,0.041830335
TNF-alpha,0.04113517
IL-13,0.040627148
IL-12p70,0.038891625
