Cytokine,Importance
IL-21,0.12885545
IL-17A,0.11218498
IL-4,0.103789076
GM-CSF,0.10091609
IL-13,0.08262536
IL-9,0.08140107
IL-12p70,0.07727347
IL-23,0.06775508
IL-10,0.06620882
IL-27,0.063658856
IL-6,0.05772995
IL-22,0.057601828
