Cytokine,Importance,Std
IL-1beta,0.222704,0.004944
GM-CSF,0.222497,0.00391
IL-13,0.22149,0.006851
IL-5,0.220544,0.001388
IL-4,0.220088,0.005138
IL-2,0.219697,0.002654
IL-12p70,0.219118,0.004199
IL-10,0.218173,0.004766
IL-17A,0.217792,0.008458
TNF-alpha,0.215715,0.008892
IL-9,0.214301,0.006203
IL-6,0.213692,0.006077
IL-23,0.209037,0.005438
IL-22,0.207526,0.003033
IL-27,0.203042,0.003511
IL-21,0.198631,0.008942
IFN-gamma,0.184105,0.009047
IL-18,0.173748,0.003781
