Cytokine,Importance
IL-22,0.09322177
IL-21,0.08783535
IL-1beta,0.059619077
IL-10,0.059459973
IL-4,0.059343543
IL-2,0.058702573
IL-12p70,0.057819944
IL-13,0.05776975
IL-9,0.05646116
IFN-gamma,0.05299883
IL-23,0.052388854
IL-27,0.04973531
IL-18,0.04552164
IL-17A,0.04536215
IL-6,0.04489499
IL-5,0.04270957
GM-CSF,0.042042077
TNF-alpha,0.034113485
