Cytokine,Importance
IL-21,0.089966424
IL-22,0.07771253
IL-4,0.0685006
IL-12p70,0.06086494
IL-1beta,0.058878954
IL-17A,0.05575321
IL-9,0.054920144
IL-10,0.05303919
IFN-gamma,0.052439585
IL-2,0.052021835
GM-CSF,0.05182498
IL-18,0.048486162
IL-27,0.04839692
TNF-alpha,0.048112225
IL-13,0.047770943
IL-5,0.04619598
IL-23,0.04614976
IL-6,0.038965683
