Cytokine,Importance
IL-22,0.08942718
IL-21,0.08942424
IL-4,0.06945012
IL-27,0.05847173
IL-10,0.05671207
IL-1beta,0.056258332
IL-9,0.056167897
IL-2,0.054604053
IFN-gamma,0.054603294
IL-12p70,0.053229373
IL-6,0.049490336
IL-5,0.04946321
IL-18,0.048252884
IL-23,0.047857866
TNF-alpha,0.044493232
GM-CSF,0.04294581
IL-17A,0.04166422
IL-13,0.037484165
