Cytokine,Importance
IL-21,0.09680332
IL-4,0.08734483
IL-22,0.07662217
IL-27,0.061773106
GM-CSF,0.057356283
IL-12p70,0.05622089
IFN-gamma,0.056112964
IL-18,0.055748403
IL-6,0.054189846
IL-9,0.05221839
IL-2,0.050492603
IL-23,0.04967044
IL-10,0.0479723
IL-1beta,0.047673956
IL-13,0.042660855
IL-5,0.042171326
IL-17A,0.033255942
TNF-alpha,0.031712472
