Cytokine,Importance,Std
IL-1beta,0.222094,0.006806
IL-2,0.221424,0.005257
IL-17A,0.219822,0.006911
IL-13,0.219738,0.009731
GM-CSF,0.219378,0.006659
IL-4,0.217429,0.010412
IL-12p70,0.217231,0.006237
IL-10,0.215528,0.007743
IL-9,0.21525,0.002346
IL-5,0.215115,0.004313
TNF-alpha,0.212108,0.007134
IL-23,0.212091,0.001323
IL-6,0.208971,0.013773
IL-22,0.204389,0.004158
IL-21,0.200217,0.002184
IL-27,0.199397,0.008804
IFN-gamma,0.17884,0.012271
IL-18,0.1689,0.010902
